ID,FC name,FC parent,FC ontology,ADAN name,ADAN parent,Confidence,Note
0,Femoral artery,Extrenal illiac artery,UBERON:0002060,femoral,external iliac,0.9577494263648987,
0,,,,femoral,femoral,0.9510686993598938,
0,,,,popliteal,femoral,0.945478081703186,
0,,,,descending genicular,femoral,0.9421955347061157,
0,,,,perforator,femoral,0.9403356909751892,
1,Deep femoral artery,Femoral artery,UBERON:0001355,profunda femoris,femoral,1.0,align
2,Medial circumflex femoral artery,Deep femoral artery,UBERON:0001356,medial circumflex femoral,profunda femoris,1.0,align
3,Lateral circumflex femoral artery,Deep femoral artery,ILX:0741412,lateral circumflex femoral,profunda femoris,1.0,align
4,Descending branch of lateral circumflex femoral artery,Lateral circumflex femoral artery,ILX:0747134,lateral circumflex femoral descending branch,lateral circumflex femoral,1.0,align
5,Perforating femoral arteries,Deep femoral artery,ILX:0744287,profunda femoris,femoral,0.9760653376579285,
5,,,,profunda femoris,profunda femoris,0.9541006088256836,
5,,,,medial circumflex femoral,profunda femoris,0.9461346864700317,
5,,,,perforator,profunda femoris,0.944807767868042,
5,,,,lateral circumflex femoral,profunda femoris,0.9389477372169495,
6,Superficial epigastric artery,Femoral artery,UBERON:0034964,superficial epigastric,femoral,1.0,align
7,Superficial external pudendal artery,Femoral artery,UBERON:0007317,superficial external pudendal,femoral,1.0,align
8,Deep external pudendal artery,Femoral artery,UBERON:0007316,deep external pudendal,femoral,1.0,align
9,Popliteal artery,Femoral artery,UBERON:0002250,popliteal,femoral,0.9999998807907104,align
10,Superior lateral genicular artery,Popliteal artery,ILX:0743858,lateral superior genicular,popliteal,1.000000238418579,align
11,Superior medial genicular artery,Popliteal artery,ILX:0745868,medial superior genicular,popliteal,1.0,align
12,Middle genicular artery,Popliteal artery,ILX:0746484,middle genicular,popliteal,1.0,align
13,Inferior lateral genicular artery,Popliteal artery,ILX:0743923,lateral inferior genicular,popliteal,1.0,align
14,Inferior medial genicular artery,Popliteal artery,ILX:0743543,medial inferior genicular,popliteal,0.9999998807907104,align
15,Patellar anastomosis,Popliteal artery,ILX:0744660,popliteal,popliteal,0.9402028322219849,
15,,,,posterior tibial recurrent,popliteal,0.9357775449752808,
15,,,,tibiofibular trunk,popliteal,0.9346181154251099,
15,,,,anterior tibial,popliteal,0.9341792464256287,
15,,,,perforator,popliteal,0.922841489315033,
16,Anterior tibial artery,Popliteal artery,UBERON:0001537,anterior tibial,popliteal,0.9999999403953552,align
17,Dorsalis pedis artery,Anterior tibial artery,UBERON:0001539,dorsalis pedis,anterior tibial,1.0,align
18,Lateral tarsal artery,Dorsalis pedis artery,ILX:0742961,lateral tarsal artery,dorsalis pedis,1.0000001192092896,align
19,Arcuate artery,Dorsalis pedis artery,ILX:0745825,dorsalis pedis,anterior tibial,0.9390287399291992,
19,,,,arcuate of foot,dorsalis pedis,0.934873104095459,
19,,,,perforator,dorsal scapular,0.9178773760795593,
19,,,,dorsal nasal,angular,0.9148505330085754,
19,,,,perforator,dorsal pancreatic,0.9103671312332153,
20,Dorsal metatarsal arteries,Arcuate artery,UBERON:0035195,arcuate of foot,dorsalis pedis,0.9348194599151611,
20,,,,dorsalis pedis,anterior tibial,0.9296807646751404,
20,,,,dorsal tarsal 3,arcuate of foot,0.9217334985733032,
20,,,,dorsal tarsal 4,arcuate of foot,0.9074465036392212,
20,,,,dorsal nasal,angular,0.9070740342140198,
21,Dorsal digital arteries of foot,Dorsal metatarsal arteries,UBERON:0006145,arcuate of foot,dorsalis pedis,0.904859721660614,
21,,,,dorsal tarsal 3,arcuate of foot,0.8941660523414612,
21,,,,dorsal digital 2,dorsal tarsal 1,0.8831931352615356,
21,,,,dorsal tarsal 1,dorsalis pedis,0.8831409215927124,
21,,,,lateral tarsal artery,dorsalis pedis,0.8806201219558716,
22,Deep plantar artery,Dorsalis pedis artery,ILX:0742543,arcuate of foot,dorsalis pedis,0.9421694874763489,
22,,,,deep plantar arch,deep plantar arch,0.9369875192642212,
22,,,,deep plantar arch,medial plantar deep branch,0.9349830150604248,
22,,,,dorsalis pedis,dorsalis pedis,0.9344109296798706,
22,,,,dorsal tarsal 1,dorsalis pedis,0.9318678379058838,
23,Posterior tibial artery,Popliteal artery,UBERON:0001538,posterior tibial recurrent,popliteal,0.9771231412887573,
23,,,,popliteal,popliteal,0.9659810066223145,
23,,,,posterior tibial,posterior tibial,0.9651851654052734,
23,,,,anterior tibial,popliteal,0.9601877927780151,
23,,,,tibiofibular trunk,popliteal,0.9553849697113037,
24,Calcaneal branches of posterior tibial artery,Posterior tibial artery,FMA:71562,posterior tibial calcanean branch,posterior tibial,0.9921050071716309,align
25,Fibular artery,Posterior tibial artery,ILX:0746577,posterior tibial,fibular communicating branch,0.9685788154602051,
25,,,,fibular,tibiofibular trunk,0.9535839557647705,
25,,,,posterior tibial,tibiofibular trunk,0.9518502950668335,
25,,,,perforator,posterior tibial,0.951371431350708,
25,,,,tibiofibular trunk,popliteal,0.9389388561248779,
26,Calcaneal branches of fibular artery,Fibular artery,FMA:44630,fibular,tibiofibular trunk,0.9602624177932739,
26,,,,fibular,fibular,0.9584128260612488,
26,,,,fibular perforating branch,fibular,0.9532531499862671,
26,,,,lateral calcaneal,fibular,0.9505897760391235,
26,,,,fibular communicating branch,fibular,0.9490271806716919,
27,Medial plantar artery,Posterior tibial artery,UBERON:0001541,medial plantar,posterior tibial,1.0000001192092896,align
28,Superficial branch of medial plantar artery,Medial plantar artery,ILX:0749036,medial plantar superficial branch,medial plantar,0.9889047145843506,
28,,,,medial plantar superficial branch,medial plantar superficial branch,0.9611292481422424,
28,,,,medial plantar superficial branch,medial tarsal 1,0.9592373371124268,
28,,,,medial plantar superficial branch,medial tarsal 2,0.9378618001937866,
28,,,,medial plantar deep branch,medial plantar,0.9299018979072571,
29,Lateral plantar artery,Posterior tibial artery,ILX:0746324,lateral plantar,posterior tibial,1.0,align
30,Plantar arch,Lateral plantar artery,FMA:43942,lateral plantar,lateral plantar,0.9707316160202026,
30,,,,deep plantar arch,lateral plantar,0.9680585265159607,
30,,,,proper plantar digital 9,lateral plantar,0.9466676115989685,
30,,,,perforator,lateral plantar,0.9424546957015991,
30,,,,lateral plantar,posterior tibial,0.936420202255249,
31,Plantar metatarsal arteries,Plantar arch,UBERON:0035195,plantar metatarsal 2,deep plantar arch,0.9404631853103638,
31,,,,deep plantar arch,lateral plantar,0.9394736289978027,
31,,,,plantar metatarsal 1,deep plantar arch,0.9279606342315674,
31,,,,plantar metatarsal 4,deep plantar arch,0.9107123613357544,
31,,,,perforator,lateral plantar,0.9096996188163757,
32,Perforating branches of plantar metatarsal arteries,Plantar metatarsal arteries,ILX:0742520,plantar metatarsal 1,deep plantar arch,0.9078760147094727,
32,,,,plantar metatarsal 2,deep plantar arch,0.9023497700691223,
32,,,,plantar metatarsal 4,deep plantar arch,0.8987085819244385,
32,,,,plantar metatarsal 3,deep plantar arch,0.893588125705719,
32,,,,plantar metatarsal perforating branch 1,plantar metatarsal 1,0.8876752257347107,
33,Common plantar digital arteries,Plantar metatarsal arteries,UBERON:0002455,plantar metatarsal 1,deep plantar arch,0.9291409254074097,
33,,,,plantar metatarsal 2,deep plantar arch,0.9283148646354675,
33,,,,deep plantar arch,lateral plantar,0.9241915345191956,
33,,,,plantar metatarsal 4,deep plantar arch,0.9209331274032593,
33,,,,proper plantar digital 3,common plantar digital 2,0.9082589149475098,
34,Proper plantar digital arteries,Common plantar digital arteries,UBERON:0004540,proper plantar digital 2,common plantar digital 1,0.939395546913147,
34,,,,proper plantar digital 4,common plantar digital 2,0.9330697059631348,
34,,,,proper plantar digital 3,common plantar digital 2,0.9294564723968506,
34,,,,proper plantar digital 9,lateral plantar,0.9261999726295471,
34,,,,proper plantar digital 10,deep plantar arch,0.9187551736831665,
35,Ascending aorta,NA,UBERON:0001496,abdominal aorta,thoracic aorta,0.911674976348877,
35,,,,aortic arch,aortic arch,0.9088137149810791,
35,,,,thoracic aorta,aortic arch,0.8931719064712524,
35,,,,ascending cervical,inferior thyroid,0.8488529920578003,
35,,,,anterior segmental artery,hepatic artery proper right branch,0.8358633518218994,
36,Aortic arch,Ascending aorta,UBERON:0001508,aortic arch,aortic arch,0.9769595861434937,
36,,,,thoracic aorta,aortic arch,0.9722362160682678,
36,,,,right coronary,aortic arch,0.9462894201278687,
36,,,,aortic arch,brachiocephalic trunk,0.9361326098442078,
36,,,,aortic arch,common carotida,0.9360331296920776,
37,Brachiocephalic trunk,Aortic arch,ILX:0744963,aortic arch,brachiocephalic trunk,0.9999998807907104,need to check parent-child relation
38,Thoracic aorta,Aortic arch,UBERON:0001515,thoracic aorta,aortic arch,1.000000238418579,align
39,Posterior intercostal arteries,Thoracic aorta,ILX:0743226,thoracic aorta,posterior intercostal,1.0,need to check parent-child relation
40,Subcostal artery,Thoracic aorta,UBERON:0001561,thoracic aorta,subcostal,1.0000001192092896,need to check parent-child relation
41,Superior phrenic arteries,Thoracic aorta,UBERON:0013133,inferior phrenic,thoracic aorta,0.9416173696517944,
41,,,,thoracic aorta,thoracic aorta,0.9199944734573364,
41,,,,thoracic aorta,subcostal,0.9170200824737549,
41,,,,thoracic aorta,posterior intercostal,0.9129149913787842,
41,,,,abdominal aorta,thoracic aorta,0.9115349054336548,
42,Abdominal aorta,Thoracic aorta,UBERON:0001516,abdominal aorta,thoracic aorta,1.0,align
43,Inferior phrenic artery,Abdominal aorta,UBERON:0012255,inferior phrenic,thoracic aorta,0.9786876440048218,
43,,,,inferior mesenteric,abdominal aorta,0.95198655128479,
43,,,,common iliac,abdominal aorta,0.934425950050354,
43,,,,abdominal aorta,abdominal aorta,0.9246294498443604,
43,,,,median sacral,abdominal aorta,0.9201690554618835,
44,Lumbar arteries,Abdominal aorta,UBERON:0006636,abdominal aorta,lumbar,1.0,need to check parent-child relation
45,Coeliac trunk,Abdominal aorta,UBERON:0006637,celiac trunk,abdominal aorta,1.0,align
46,Left gastric artery,Coeliac trunk,UBERON:0001192,left gastric,splenic,0.9252489805221558,
46,,,,splenic branch,left gastro omental,0.9141019582748413,
46,,,,splenic,celiac trunk,0.9129461050033569,
46,,,,left colic,inferior mesenteric,0.9081488847732544,
46,,,,right gastric,left gastric,0.90541011095047,
47,Splenic artery,Coeliac trunk,UBERON:0001194,splenic,celiac trunk,1.0,align
48,Common hepatic artery,Coeliac trunk,UBERON:0005436,common hepatic,celiac trunk,1.0000001192092896,align
49,Gastroduodenal artery,Common hepatic artery,UBERON:0010132,gastroduodenal,common hepatic,1.0000001192092896,align
50,Proper hepatic artery,Common hepatic artery,UBERON:0015480,hepatic artery proper,common hepatic,1.0,align
51,Superior mesenteric artery,Abdominal aorta,UBERON:0001182,superior mesenteric,abdominal aorta,1.0,align
52,Middle colic artery,Superior mesenteric artery,UBERON:0001196,middle colic,superior mesenteric,1.0,align
53,Right colic artery,Superior mesenteric artery,ILX:0774820,superior mesenteric,right colic,1.0,need to check parent-child relation
54,Marginal artery,Superior mesenteric artery,ILX:0742315,superior mesenteric,ileal 2,0.9224364757537842,
54,,,,superior mesenteric,ileocolic,0.9207508563995361,
54,,,,ileocolic ileal branch,superior mesenteric,0.9188010692596436,
54,,,,middle colic,superior mesenteric,0.9158895611763,
54,,,,superior mesenteric,superior mesenteric,0.9123322367668152,
55,Ileocolic artery,Superior mesenteric artery,UBERON:0001197,superior mesenteric,ileocolic,1.0,need to check parent-child relation
56,Appendicular artery,Ileocolic artery,ILX:0745208,appendicular,ileocolic ileal branch,0.9785284996032715,
56,,,,ileocolic,ileocolic,0.9476127028465271,
56,,,,ileocolic ileal branch,anterior cecal,0.9388981461524963,
56,,,,ileocolic,ileocolic ileal branch,0.9321504235267639,
56,,,,superior mesenteric,ileocolic,0.9295628070831299,
57,Ileal branch of ileocolic artery,Ileocolic artery,ILX:0742399,ileocolic,ileocolic ileal branch,0.9885669350624084,
57,,,,ileocolic,ileocolic,0.9805232286453247,
57,,,,ileocolic,ileocolic colic branch,0.9717755317687988,
57,,,,ileocolic ileal branch,ileocolic ileal branch,0.9581640958786011,
57,,,,ileocolic colic branch,ileocolic ileal branch,0.9556388258934021,
58,Colic branch of ileocolic artery,Ileocolic artery,ILX:0745487,ileocolic,ileocolic colic branch,0.984153151512146,
58,,,,ileocolic,ileocolic,0.978782057762146,
58,,,,ileocolic,ileocolic ileal branch,0.9754906296730042,
58,,,,ileocolic colic branch,ileocolic ileal branch,0.9566375613212585,
58,,,,ileocolic colic branch,ileocolic colic branch,0.9529309868812561,
59,Inferior pancreaticoduodenal artery,Superior mesenteric artery,UBERON:0001195,superior mesenteric,inferior pancreaticoduodenal,1.000000238418579,need to check parent-child relation
60,Anterior inferior pancreaticoduodenal artery,Inferior pancreaticoduodenal artery,ILX:0747993,inferior pancreaticoduodenal,inferior pancreaticoduodenal,0.9898316860198975,
60,,,,inferior pancreaticoduodenal,anterior superior pancreaticoduodenal,0.9622254371643066,
60,,,,inferior pancreatic,inferior pancreatic,0.9563530683517456,
60,,,,inferior pancreaticoduodenal,posterior superior pancreaticoduodenal,0.9547429084777832,
60,,,,inferior pancreatic,dorsal pancreatic,0.9275815486907959,
61,Inferior mesenteric artery,Abdominal aorta,UBERON:0001183,inferior mesenteric,abdominal aorta,1.0000001192092896,align
62,Left colic artery,Inferior mesenteric artery,ILX:0743668,left colic,inferior mesenteric,0.9999999403953552,align
63,Ascending branch of left colic artery,Left colic artery,FMA:14828,left colic ascending branch,left colic,0.9896076321601868,
63,,,,left colic descending branch,left colic,0.9713883996009827,
63,,,,left colic,inferior mesenteric,0.9294567108154297,
63,,,,left coronary anterior interventricular branch,left coronary,0.9201617240905762,
63,,,,left coronary circumflex branch,left coronary,0.9183768033981323,
64,Descending branch of left colic artery,Left colic artery,FMA:14829,left colic descending branch,left colic,1.0,align
65,Sigmoid arteries,Inferior mesenteric artery,UBERON:0035180,sigmoid 2,inferior mesenteric,0.9633437395095825,
65,,,,inferior mesenteric,sigmoid 2,0.9633437395095825,
65,,,,inferior mesenteric,sigmoid 1,0.953208327293396,
65,,,,inferior mesenteric,inferior mesenteric,0.9401092529296875,
65,,,,inferior mesenteric,abdominal aorta,0.9293835759162903,
66,Superior anorectal artery,Inferior mesenteric artery,nan,superior rectal,inferior mesenteric,0.9999998807907104,align
67,Left testicular artery,Abdominal aorta,UBERON:0001189,testicular,abdominal aorta,0.9470570683479309,
67,,,,inferior mesenteric,abdominal aorta,0.9005175828933716,
67,,,,abdominal aorta,lumbar,0.8915138840675354,
67,,,,common iliac,abdominal aorta,0.8900303840637207,
67,,,,median sacral,abdominal aorta,0.8885851502418518,
68,Right testicular artery,Abdominal aorta,UBERON:0001188,testicular,abdominal aorta,0.9663236141204834,
68,,,,common iliac,abdominal aorta,0.9091948866844177,
68,,,,abdominal aorta,abdominal aorta,0.8997992873191833,
68,,,,superior mesenteric,abdominal aorta,0.8994836807250977,
68,,,,middle suprarenal,abdominal aorta,0.8953858613967896,
69,Left renal artery,Abdominal aorta,UBERON:0001186,renal,abdominal aorta,0.9486153721809387,
69,,,,left coronary,aortic arch,0.9137011766433716,
69,,,,inferior mesenteric,abdominal aorta,0.9124382138252258,
69,,,,testicular,abdominal aorta,0.9035785794258118,
69,,,,left colic,inferior mesenteric,0.903232991695404,
70,Inferior suprarenal artery,Left renal artery,UBERON:0002056,inferior suprarenal,renal,0.9491198062896729,
70,,,,left colic,inferior mesenteric,0.897351861000061,
70,,,,renal anterior branch,inferior segmental,0.895111083984375,
70,,,,left gastric,splenic,0.8739910125732422,
70,,,,renal posterior branch,renal,0.8692905306816101,
71,Anterior branch of renal artery,Left renal artery,ILX:0747080,inferior suprarenal,renal,0.9172310829162598,
71,,,,renal anterior branch,inferior segmental,0.9076371192932129,
71,,,,renal,renal,0.9061229825019836,
71,,,,renal posterior branch,renal,0.9021489024162292,
71,,,,renal anterior branch,renal anterior branch,0.8970881104469299,
72,Posterior branch of renal artery,Left renal artery,ILX:0743027,renal posterior branch,renal,0.9257639050483704,
72,,,,posterior segmental branch 2,renal posterior branch,0.8918158411979675,
72,,,,renal posterior branch,renal posterior branch,0.889126181602478,
72,,,,renal posterior branch,renal anterior branch,0.876594603061676,
72,,,,inferior suprarenal,renal,0.8664870262145996,
73,Intrarenal arteries of the left kidney,Left renal artery,FMA:86337,left colic descending branch,left colic,0.8561758399009705,
73,,,,left colic ascending branch,left colic,0.847048282623291,
73,,,,left colic,inferior mesenteric,0.837189257144928,
73,,,,lateral segmental artery,hepatic artery proper left branch,0.8315479755401611,
73,,,,left gastric,left gastric,0.8304315805435181,
74,Right renal artery,Abdominal aorta,UBERON:0001185,renal,abdominal aorta,0.9552692174911499,
74,,,,middle suprarenal,abdominal aorta,0.9294888973236084,
74,,,,testicular,abdominal aorta,0.9258419275283813,
74,,,,common iliac,abdominal aorta,0.9232927560806274,
74,,,,right coronary,aortic arch,0.915423572063446,
75,Intrarenal arteries of the right kidney,Right renal artery,FMA:86336,right coronary right marginal branch,right coronary,0.8574731945991516,
75,,,,right coronary,right coronary,0.8534432053565979,
75,,,,right colic,right colic,0.8531028032302856,
75,,,,anterior segmental artery,hepatic artery proper right branch,0.8465455770492554,
75,,,,right coronary atrial branch,right coronary,0.8433961868286133,
76,Aortic bifurcation,NA,ILX:0744099,brachiocephalic trunk,common carotida,0.8586372137069702,
76,,,,brachial,axillary,0.8489773273468018,
76,,,,thoracic aorta,aortic arch,0.8475844264030457,
76,,,,basilar,basilar,0.8323063254356384,
76,,,,thoracoacromial acromial branch,thoracoacromial deltoid branch,0.831411600112915,
77,Median sacral artery,Abdominal aorta,UBERON:0005464,median sacral,abdominal aorta,0.9999998807907104,align
78,Common iliac artery,Abdominal aorta,UBERON:0001191,common iliac,abdominal aorta,1.0,align
79,External iliac artery,Common iliac artery,UBERON:0001308,external iliac,common iliac,1.0000001192092896,align
80,Inferior epigastric artery,External iliac artery,UBERON:0001354,external iliac,inferior epigastric,1.0,need to check parent-child relation
81,Internal iliac artery,Common iliac artery,UBERON:0001309,internal iliac,common iliac,1.0,align
82,Posterior division of iliac artery,Internal iliac artery,nan,internal iliac,internal iliac,0.9490485787391663,
82,,,,internal iliac,common iliac,0.9373651742935181,
82,,,,internal pudendal,internal iliac,0.9307565689086914,
82,,,,obturator,internal iliac,0.9250516295433044,
82,,,,inferior gluteal,internal iliac,0.9232430458068848,
83,Iliolumbar artery,Posterior division of iliac artery,UBERON:0001313,iliolumbar iliac branch,iliolumbar,0.9527921080589294,
83,,,,iliolumbar,iliolumbar,0.942828893661499,
83,,,,iliolumbar lumbar branch,iliolumbar,0.925886332988739,
83,,,,iliolumbar spinal branch,iliolumbar,0.9197897911071777,
83,,,,intramedullary l 1,posterior spinal,0.9122825860977173,
84,Lumbar branch of iliolumbar artery,Iliolumbar artery,ILX:0743592,iliolumbar lumbar branch,iliolumbar,1.0000001192092896,align
85,Spinal branch of iliolumbar artery,Iliolumbar artery,ILX:0748730,iliolumbar spinal branch,iliolumbar,0.9908943176269531,align
86,Iliacus branch of iliolumbar artery,Iliolumbar artery,ILX:0744226,iliolumbar iliac branch,iliolumbar,0.9905853271484375,align
87,Superior gluteal artery,Posterior division of iliac artery,UBERON:0001315,superior gluteal,internal iliac,0.9386925101280212,
87,,,,iliolumbar,superior gluteal,0.9328945279121399,
87,,,,superior gluteal,superior gluteal,0.9021304845809937,
87,,,,inferior gluteal,internal iliac,0.8991470336914062,
87,,,,perforator,superior gluteal,0.894511342048645,
88,Anterior division of iliac artery,Internal iliac artery,FMA:69797,internal iliac,internal iliac,0.9728531241416931,
88,,,,internal iliac,common iliac,0.957625150680542,
88,,,,internal pudendal,internal iliac,0.9413098096847534,
88,,,,obturator,internal iliac,0.9334803819656372,
88,,,,superior gluteal,internal iliac,0.9325004816055298,
89,Inferior gluteal artery,Anterior division of iliac artery,ILX:0742448,inferior gluteal,internal iliac,0.9683598279953003,
89,,,,superior gluteal,internal iliac,0.947913408279419,
89,,,,inferior gluteal,inferior gluteal,0.9304866790771484,
89,,,,iliolumbar,superior gluteal,0.9161688089370728,
89,,,,inferior vesical,internal iliac,0.9114177823066711,
90,Internal pudendal artery,Anterior division of iliac artery,UBERON:0007315,internal pudendal,internal iliac,0.9691950082778931,
90,,,,internal pudendal,internal pudendal,0.9400062561035156,
90,,,,obturator,internal iliac,0.9325327277183533,
90,,,,internal iliac,internal iliac,0.9250961542129517,
90,,,,perineal,internal pudendal,0.9243971109390259,
91,Dorsal artery of penis,Internal pudendal artery,UBERON:0001340,artery of penis,internal pudendal,0.9553403854370117,
91,,,,perineal,internal pudendal,0.9118546843528748,
91,,,,dorsal artery of penis,artery of penis,0.9108662009239197,
91,,,,internal pudendal,internal pudendal,0.9061315059661865,
91,,,,internal pudendal,internal iliac,0.8804761171340942,
92,Deep artery of penis,Internal pudendal artery,UBERON:0008321,artery of penis,internal pudendal,0.9580005407333374,
92,,,,internal pudendal,internal pudendal,0.9120327830314636,
92,,,,deep artery of penis,artery of penis,0.9119070768356323,
92,,,,perineal,internal pudendal,0.9026772975921631,
92,,,,internal pudendal,internal iliac,0.8909045457839966,
93,Obturator artery,Anterior division of iliac artery,UBERON:0001314,obturator,internal iliac,0.9677358865737915,
93,,,,obturator,obturator anterior branch,0.960932731628418,
93,,,,obturator acetabular branch,obturator,0.9394807815551758,
93,,,,obturator,obturator,0.9326449632644653,
93,,,,obturator,obturator pubic branch,0.9242708086967468,
94,Right subclavian artery ,branchiocephalic trunk,UBERON:0001534,costocervical trunk,subclavian,0.9177817106246948,
94,,,,thyrocervical trunk,subclavian,0.9174500107765198,
94,,,,perforator,circumflex scapular,0.9162022471427917,
94,,,,perforator,thoracoacromial acromial branch,0.9140947461128235,
94,,,,internal thoracic,subclavian,0.9130545854568481,
95,Vertebral artery,Right subclavian artery ,UBERON:0001535,vertebral,subclavian,0.9712367057800293,
95,,,,costocervical trunk,subclavian,0.934606671333313,
95,,,,anterior segmental medullary,vertebral,0.9288737773895264,
95,,,,internal thoracic,subclavian,0.9282523989677429,
95,,,,thyrocervical trunk,subclavian,0.9250702857971191,
96,Posterior inferior cerebellar artery,Vertebral artery,UBERON:0009688,posterior inferior cerebellar,vertebral,1.000000238418579,align
97,Basilar artery,Vertebral artery,UBERON:0001633,anterior inferior cerebellar,basilar,0.9446415305137634,
97,,,,vertebral,vertebral,0.9443041682243347,
97,,,,basilar,basilar,0.9419022798538208,
97,,,,vertebral,subclavian,0.9355148077011108,
97,,,,superior cerebellar,basilar,0.9322419762611389,
98,Anterior inferior cerebellar artery,Basilar artery,UBERON:0009689,anterior inferior cerebellar,basilar,1.0,align
99,Lateral pontine branches of basilar artery,Basilar artery,nan,basilar,basilar,0.9595916271209717,
99,,,,pontine artery 2,basilar,0.9311677813529968,
99,,,,pontine artery 3,basilar,0.9241026639938354,
99,,,,pontine artery 4,basilar,0.9166984558105469,
99,,,,anterior inferior cerebellar,basilar,0.91376793384552,
100,Medial pontine branches of basilar artery,Basilar artery,nan,basilar,basilar,0.9501516819000244,
100,,,,pontine artery 3,basilar,0.9405072331428528,
100,,,,pontine artery 1,basilar,0.9199021458625793,
100,,,,pontine artery 4,basilar,0.9147793054580688,
100,,,,superior cerebellar,basilar,0.9100955724716187,
101,Posterior cerebral artery,Basilar artery,UBERON:0001636,superior cerebellar,basilar,0.943497896194458,
101,,,,anterior inferior cerebellar,basilar,0.9420623779296875,
101,,,,basilar,basilar,0.9388004541397095,
101,,,,posterior communicating,internal carotid,0.9315691590309143,
101,,,,posterior communicating,posterior communicating,0.9209248423576355,
102,Lateral occipital artery,Posterior cerebral artery,ILX:0741551,occipital lateral,posterior cerebral postcommunicating part,0.9575339555740356,
102,,,,occipital lateral,occipital lateral,0.9286668300628662,
102,,,,occipital,posterior auricular occipital branch,0.9263337254524231,
102,,,,lateral occipital posterior tempotal branch,occipital lateral,0.9184462428092957,
102,,,,occipital,occipital descending branch,0.913050651550293,
103,Medial occipital artery,Posterior cerebral artery,ILX:0741254,medial occipital,posterior cerebral postcommunicating part,0.9573989510536194,
103,,,,posterior parietal,middle cerebral branch to angular gyrus,0.9417001008987427,
103,,,,medial frontobasal,anterior cerebral,0.928424596786499,
103,,,,medial occipital,medial occipital,0.9272534847259521,
103,,,,occipital,posterior auricular occipital branch,0.9249030351638794,
104,Parieto-occipital artery,Posterior cerebral artery,nan,posterior parietal,middle cerebral branch to angular gyrus,0.9458609819412231,
104,,,,occipital,posterior auricular occipital branch,0.9347618818283081,
104,,,,occipital,occipital,0.9218337535858154,
104,,,,medial occipital,posterior cerebral postcommunicating part,0.9193291664123535,
104,,,,thalamotuberal,posterior communicating,0.9163084626197815,
105,Superior cerebral artery,Basilar artery,nan,superior cerebellar,basilar,0.9859633445739746,
105,,,,anterior inferior cerebellar,basilar,0.9507599472999573,
105,,,,basilar,basilar,0.9381433725357056,
105,,,,anterior cerebral,middle cerebral,0.9139176607131958,
105,,,,anterior cerebral,anterior cerebral,0.9116597175598145,
106,Internal thoracic artery,Right subclavian artery ,UBERON:0002456,internal thoracic,subclavian,0.9707943201065063,
106,,,,superior epigastric,internal thoracic,0.9438877701759338,
106,,,,anterior intercostal branch,internal thoracic,0.9437501430511475,
106,,,,internal thoracic,internal thoracic,0.936896800994873,
106,,,,perforator,internal thoracic,0.9300620555877686,
107,Musculoophrenic artery,Internal thoracic artery,UBERON:0006632,musculophrenic,internal thoracic,0.9999999403953552,align
108,Superior epigastric artery,Internal thoracic artery,UBERON:0007153,superior epigastric,internal thoracic,0.9999998807907104,align
109,Thyrocervical trunk,Right subclavian artery ,ILX:0744822,thyrocervical trunk,subclavian,0.9709237813949585,
109,,,,thyrocervical trunk,thyrocervical trunk,0.942465603351593,
109,,,,costocervical trunk,subclavian,0.9406282901763916,
109,,,,internal thoracic,subclavian,0.9346631169319153,
109,,,,perforator,thyrocervical trunk,0.9291831254959106,
110,Inferior thyroid artery,Thyrocervical trunk,UBERON:0007149,inferior thyroid,thyrocervical trunk,1.0,align
111,Suprascapular artery,Thyrocervical trunk,ILX:0744204,suprascapular,thyrocervical trunk,0.9999998807907104,align
112,Transverse cervical artery,Thyrocervical trunk,UBERON:0012324,transverse cervical,thyrocervical trunk,0.9999999403953552,align
113,Superficial branch of transverse cervical artery,Transverse cervical artery,UBERON:0001071,transverse cervical superficial branch,transverse cervical,0.9898359179496765,
113,,,,transverse cervical,transverse cervical,0.9668734073638916,
113,,,,transverse cervical superficial branch,transverse cervical superficial branch,0.9569493532180786,
113,,,,transverse cervical,thyrocervical trunk,0.9314853549003601,
113,,,,superficial temporal,transverse facial artery,0.8998947143554688,
114,Deep branch of transverse cervical artery,Transverse cervical artery,ILX:0747787,transverse cervical,transverse cervical,0.9569485783576965,
114,,,,transverse cervical,thyrocervical trunk,0.948026180267334,
114,,,,transverse cervical superficial branch,transverse cervical,0.9462656378746033,
114,,,,dorsal scapular,transverse cervical,0.9134677648544312,
114,,,,deep cervical,costocervical trunk,0.9062861204147339,
115,Costocervical trunk,left subclavian artery ,UBERON:0004688,costocervical trunk,subclavian,0.96146160364151,
115,,,,thyrocervical trunk,subclavian,0.9374725818634033,
115,,,,vertebral,subclavian,0.931681752204895,
115,,,,subclavian,subclavian,0.9155728816986084,
115,,,,internal thoracic,subclavian,0.914573073387146,
116,Deep cervical artery,Costocervical trunk,UBERON:0012321,deep cervical,costocervical trunk,0.9999998807907104,align
117,Supreme intercostal artery,Costocervical trunk,ILX:0743066,deep cervical,highest intercostal,0.9375160932540894,
117,,,,costocervical trunk,subclavian,0.933676540851593,
117,,,,highest intercostal,highest intercostal,0.9302233457565308,
117,,,,internal thoracic,intercostal collateral branch,0.9218767881393433,
117,,,,anterior intercostal branch,internal thoracic,0.9203143119812012,
118,First posterior intercostal artery,Supreme intercostal artery,ILX:0743301,highest intercostal,first posterior intercostal,0.9803386926651001,
118,,,,first posterior intercostal,internal thoracic,0.9364897012710571,
118,,,,highest intercostal,second posterior intercostal,0.9363213777542114,
118,,,,first posterior intercostal,first posterior intercostal,0.9301138520240784,
118,,,,posterior intercostal,anterior intercostal branch,0.9194586873054504,
119,Second posterior intercostal artery,Supreme intercostal artery,ILX:0743655,highest intercostal,second posterior intercostal,0.9801236391067505,
119,,,,second posterior intercostal,internal thoracic,0.9361364841461182,
119,,,,posterior intercostal,anterior intercostal branch,0.9298742413520813,
119,,,,intercostal collateral branch,posterior intercostal,0.9274798631668091,
119,,,,posterior intercostal dorsal branch,second posterior intercostal,0.9176844358444214,
120,Axillary artery,left subclavian artery ,UBERON:0001394,axillary,subclavian,0.9608356952667236,
120,,,,axillary,axillary,0.9311113953590393,
120,,,,lateral thoracic,axillary,0.9291666746139526,
120,,,,anterior circumflex umeral,axillary,0.9267319440841675,
120,,,,brachial,axillary,0.9233558177947998,
121,Thoraco-acromial artery,Axillary artery,UBERON:0001395,thoracoacromial,axillary,0.9999998807907104,align
122,Pectoral branches of thoraci-acrominal artery,Thoraco-acromial artery,ILX:0744853,thoracoacromial deltoid branch,thoracoacromial,0.9664677977561951,
122,,,,thoracoacromial clavicular branch,thoracoacromial,0.9620028138160706,
122,,,,thoracoacromial pectoral branch,thoracoacromial deltoid branch,0.9516285061836243,
122,,,,thoracoacromial acromial branch,thoracoacromial deltoid branch,0.9431485533714294,
122,,,,thoracoacromial acromial branch,thoracoacromial acromial branch,0.939733624458313,
123,Lateral thoracic artery,Axillary artery,UBERON:0001396,lateral thoracic,axillary,0.9999997615814209,align
124,Subscapular artery,Axillary artery,UBERON:0001397,subscapular,axillary,1.0000001192092896,align
125,Thoracodorsal artery,Subscapular artery,UBERON:0002011,thoracodorsal,subscapular,1.000000238418579,align
126,Circumflex scapular artery,Subscapular artery,ILX:0743540,circumflex scapular,subscapular,0.9999998807907104,align
127,Anterior circumflex humeral artery,Axillary artery,ILX:0742490,anterior circumflex umeral,axillary,0.9726117849349976,
127,,,,posterior circumflex humeral,axillary,0.9636815786361694,
127,,,,thoracoacromial,axillary,0.9432576894760132,
127,,,,axillary,subclavian,0.938615083694458,
127,,,,brachial,axillary,0.9323474168777466,
128,Posterior circumflex humeral artery,Axillary artery,ILX:0742363,posterior circumflex humeral,axillary,1.0,align
129,Brachial artery,Axillary artery,UBERON:0001398,brachial,axillary,1.0,align
130,Deep brachial artery,Brachial artery,UBERON:0001399,brachial,brachial,0.95811527967453,
130,,,,perforator,brachial,0.9425675272941589,
130,,,,radial,brachial,0.9406564235687256,
130,,,,profunda brachial,brachial,0.9386336207389832,
130,,,,ulnar,brachial,0.9321467876434326,
131,Middle collateral artery,Deep brachial artery,FMA:23119,radial collateral,middle collateral,0.9363678693771362,
131,,,,middle collateral,middle collateral,0.9244619011878967,
131,,,,middle collateral,recurrent interosseous,0.9165711402893066,
131,,,,perforator,descending genicular articular medial branch,0.9061963558197021,
131,,,,middle collateral network of elbow branch,middle collateral,0.9012024998664856,
132,Radial collateral artery,Deep brachial artery,ILX:0745929,radial collateral,radial collateral,0.9440451860427856,
132,,,,perforator,radial collateral,0.9408742189407349,
132,,,,radial collateral,profunda brachial,0.9350697994232178,
132,,,,radial,brachial,0.9326947927474976,
132,,,,radial recurrent,radial collateral,0.9273525476455688,
133,Superior ulnar collateral artery,Brachial artery,ILX:0745792,superior ulnar collateral artery,brachial,0.9999998211860657,align
134,Inferior ulnar collateral artery,Brachial artery,ILX:0746584,inferior ulnar collateral,brachial,0.9999999403953552,align
135,Radial artery,Brachial artery,UBERON:0001404,radial,brachial,1.0000001192092896,align
136,Palmar carpal branch of radial artery,Radial artery,ILX:0747176,radial palmar carpal branch,radial,1.0,align
137,Dorsal carpal anastomosis,Radial artery,nan,radial,radial dorsal carpal branch,0.9735714793205261,
137,,,,radial palmar carpal branch,radial,0.9558993577957153,
137,,,,dorsal metacarpal 2,radial,0.9488813281059265,
137,,,,dorsal metacarpal 1,radial,0.9376047253608704,
137,,,,princeps pollicis,radial,0.933886706829071,
138,Dorsal metacarpal arteries,Dorsal carpal anastomosis,UBERON:0002454,radial dorsal carpal branch,dorsal carpal network 2,0.9271696209907532,
138,,,,radial dorsal carpal branch,dorsal carpal network 1,0.9180155992507935,
138,,,,dorsal carpal network 1,ulnar dorsal carpal branch,0.9126376509666443,
138,,,,dorsal metacarpal 7,ulnar dorsal carpal branch,0.9116654992103577,
138,,,,dorsal digital iv 2,dorsal metacarpal 6,0.9044392108917236,
139,Dorsal digital arteries of hand,Dorsal metacarpal arteries,UBERON:0006146,radial dorsal carpal branch,dorsal carpal network 1,0.8986794948577881,
139,,,,dorsal digital iv 2,dorsal metacarpal 6,0.8975410461425781,
139,,,,dorsal carpal network 1,ulnar dorsal carpal branch,0.8968616724014282,
139,,,,dorsal digital ii 2,dorsal metacarpal 4,0.8939650058746338,
139,,,,radial dorsal carpal branch,dorsal carpal network 2,0.892654299736023,
140,Deep palmar arch,Radial artery,ILX:0746320,radial palmar carpal branch,radial,0.9309641718864441,
140,,,,radial,radial superficial palmar branch,0.9308908581733704,
140,,,,deep palmar arch,palmar carpal network,0.9308136105537415,
140,,,,radial,radial dorsal carpal branch,0.9299471974372864,
140,,,,perforator,radial,0.9271508455276489,
141,Palmar metacarpal arteries,Deep palmar arch,ILX:0745960,deep palmar arch,palmar carpal network,0.9800021052360535,
141,,,,deep palmar arch,palmar metacarpal 1,0.9571893811225891,
141,,,,deep palmar arch,palmar metacarpal 2,0.9543945789337158,
141,,,,palmar metacarpal 3,deep palmar arch,0.9497531652450562,
141,,,,deep palmar arch,ulnar deep palmar branch,0.9371639490127563,
142,Ulnar artery,Brachial artery,UBERON:0001406,ulnar,brachial,1.0,align
143,Ulnar recurrent artery,Ulnar artery,ILX:0746157,ulnar,ulnar,0.9806852340698242,
143,,,,ulnar,ulnar recurrent anterior branch,0.9794313311576843,
143,,,,ulnar,ulnar recurrent posterior branch,0.9570512771606445,
143,,,,ulnar,ulnar palmar carpal branch,0.9522329568862915,
143,,,,ulnar dorsal carpal branch,ulnar,0.944722056388855,
144,Common interosseous artery,Ulnar artery,ILX:0746667,common interosseous,ulnar,0.9999998807907104,align
145,Posterior interosseous artery,Common interosseous artery,ILX:0746749,posterior interosseuous,common interosseous,0.9999998807907104,align
146,Recurrent interosseous artery,Common interosseous artery,ILX:0743607,anterior interosseous,common interosseous,0.9676727056503296,
146,,,,posterior interosseuous,common interosseous,0.9432361125946045,
146,,,,recurrent interosseous,posterior interosseuous,0.9373511672019958,
146,,,,middle collateral,recurrent interosseous,0.9325748085975647,
146,,,,common interosseous,ulnar,0.9245051145553589,
147,Dorsal carpal branch of ulnar artery,Ulnar artery,ILX:0745296,ulnar dorsal carpal branch,ulnar,1.0,align
148,Superficial palmar arch,Ulnar artery,UBERON:0006564,superficial palmar arch,ulnar,1.0000001192092896,align
149,Common palmar digital arteries,Superficial palmar arch,UBERON:0001410,common palmar digital 2,superficial palmar arch,0.9781719446182251,
149,,,,superficial palmar arch,common palmar digital 3,0.9659441709518433,
149,,,,superficial palmar arch,superficial palmar arch,0.9614706635475159,
149,,,,proper palmar digital v 2,superficial palmar arch,0.953559398651123,
149,,,,radial superficial palmar branch,superficial palmar arch,0.950350821018219,
150,Proper palmar digital arteris,Common palmar digital arteries,UBERON:0006137,proper palmar digital v 1,common palmar digital 2,0.9389770030975342,
150,,,,superficial palmar arch,common palmar digital 3,0.9143511652946472,
150,,,,proper palmar digital iv 2,common palmar digital 2,0.9130594730377197,
150,,,,proper palmar digital ii 1,proper palmar digital ii 1,0.9051268100738525,
150,,,,common palmar digital 2,common palmar digital 2,0.9042197465896606,
151,Left subclavian artery ,Aortic arch,UBERON:0001584,subclavian,aortic arch,0.9607071280479431,
151,,,,left coronary,aortic arch,0.9516501426696777,
151,,,,aortic arch,brachiocephalic trunk,0.9232521057128906,
151,,,,aortic arch,posterior intercostal,0.9210113286972046,
151,,,,thoracic aorta,aortic arch,0.9154037833213806,
152,Right common carotid artery,brachiocephalic trunk,UBERON:0001531,brachiocephalic trunk,common carotida,0.9613939523696899,
152,,,,aortic arch,brachiocephalic trunk,0.9223840236663818,
152,,,,subclavian,common carotida,0.9160305261611938,
152,,,,common carotida,internal carotid,0.9065532088279724,
152,,,,aortic arch,common carotida,0.9057897925376892,
153,External carotid artery,Right common carotid artery,UBERON:0001070,common carotida,external carotid,0.9631273746490479,
153,,,,common carotida,internal carotid,0.9529082179069519,
153,,,,external carotid,external carotid,0.9283312559127808,
153,,,,internal carotid tentorial branch,internal carotid,0.9270601272583008,
153,,,,internal carotid,middle cerebral,0.9218324422836304,
154,Ascending pharyngeal artery,External carotid artery,ILX:0745026,ascending pharyngeal,external carotid,1.0,align
155,Facial artery,External carotid artery,UBERON:0001612,facial,external carotid,0.9999997019767761,align
156,Submental artery,Facial artery,ILX:0743443,submental,facial,0.9999999403953552,align
157,Inferior labial artery,Facial artery,ILX:0744268,facial inferior labial branch,facial,0.9810726642608643,
157,,,,transverse facial artery,facial,0.9278441667556763,
157,,,,submental,facial,0.9215954542160034,
157,,,,facial,facial,0.9207992553710938,
157,,,,facial,buccal,0.9171050786972046,
158,Superior labial artery,Facial artery,ILX:0745453,facial superior labial branch,facial,0.9789845943450928,
158,,,,submental,facial,0.9412121772766113,
158,,,,facial inferior labial branch,facial,0.9286530017852783,
158,,,,facial tonsillar branch,facial,0.9258984327316284,
158,,,,facial,facial,0.9246821999549866,
159,Angular artery,Facial artery,ILX:0745781,angular,facial,0.9999996423721313,align
160,Occipital artery,External carotid artery,UBERON:0001613,occipital,external carotid,1.0,align
161,Superficial temporal artery,External carotid artery,UBERON:0001614,external carotid,superficial temporal,1.000000238418579,need to check parent-child relation
162,Transverse facial artery,Superficial temporal artery,UBERON:0001615,superficial temporal,transverse facial artery,1.0000001192092896,need to check parent-child relation
163,Frontal branch of superficial temporal artery,Superficial temporal artery,ILX:0747530,superficial temporal,superficial temporal frontal branch,0.9846644997596741,
163,,,,superficial temporal frontal branch,superficial temporal frontal branch,0.956584095954895,
163,,,,superficial temporal parietal branch,superficial temporal frontal branch,0.9540796875953674,
163,,,,superficial temporal,superficial temporal anterior auricular branch,0.9522160291671753,
163,,,,superficial temporal,superficial temporal,0.9486784934997559,
164,Maxillary artery,External carotid artery,UBERON:0001616,lingual,external carotid,0.9357107877731323,
164,,,,accessory meningeal,maxillary,0.9233739376068115,
164,,,,sphenopalatine,maxillary,0.9222429990768433,
164,,,,ascending pharyngeal,external carotid,0.9176759719848633,
164,,,,buccal,maxillary,0.9175935387611389,
165,Inferior alveolar artery,Maxillary artery,UBERON:0014693,inferior alveolar,maxillary,0.9999999403953552,align
166,Mylohyoid branch of inferior alveolar artery,Inferior alveolar artery,ILX:0746875,inferior alveolar mental branch,inferior alveolar,0.9788146018981934,
166,,,,inferior alveolar,inferior alveolar,0.975942850112915,
166,,,,inferior alveolar dental branch 1,inferior alveolar,0.9586114287376404,
166,,,,inferior alveolar dental branch 8,inferior alveolar,0.9574770331382751,
166,,,,inferior alveolar dental branch 2,inferior alveolar,0.9561582207679749,
167,Mental branch of inferior alveolar artery,Inferior alveolar artery,UBERON:0001617,inferior alveolar mental branch,inferior alveolar,0.9902635812759399,align
168,Middle meningeal artery,Maxillary artery,UBERON:0010250,middle meningeal,maxillary,1.0000001192092896,align
169,Accessory branch of middle meningeal artery,Middle meningeal artery,ILX:0746883,middle meningeal,middle meningeal,0.9785743951797485,
169,,,,middle meningeal parietal branch,middle meningeal,0.9749879240989685,
169,,,,middle meningeal petrosal branch,middle meningeal,0.9697750210762024,
169,,,,middle meningeal frontal branch,middle meningeal,0.9637082815170288,
169,,,,middle meningeal obrital branch,middle meningeal frontal branch,0.9194622039794922,
170,Anterior deep temporal artery,Maxillary artery,ILX:0742065,anterior deep temporal,maxillary,0.9999999403953552,align
171,Posterior deep temporal artery,Maxillary artery,UBERON:0035041,anterior deep temporal,maxillary,0.9999999403953552,align
172,Buccal artery,Maxillary artery,UBERON:0001618,buccal,maxillary,1.0,align
173,Artery of pterygoid canal,Maxillary artery,ILX:0744505,pterygoid branch,maxillary,0.972885012626648,
173,,,,sphenopalatine,maxillary,0.9305991530418396,
173,,,,anterior tympanic,maxillary,0.9253852963447571,
173,,,,artery of pterygoid canal,sphenopalatine,0.924784243106842,
173,,,,masseteric,maxillary,0.9243049621582031,
174,?x,Artery of pterygoid canal,NA,internal carotid,artery of pterygoid canal,0.8856165409088135,
174,,,,artery of pterygoid canal,sphenopalatine,0.8821558356285095,
174,,,,ascending palatine,facial,0.8688493967056274,
174,,,,sphenopalatine,infra orbital,0.868270993232727,
174,,,,perforator,infra orbital,0.8639906644821167,
175,Posterior superior alveolar artery,Maxillary artery,UBERON:0018397,posterior superior alveolar,maxillary,1.0,align
176,Infra-orbital artery,Maxillary artery,UBERON:0004646,sphenopalatine,infra orbital,0.9304994940757751,
176,,,,middle superior alveolar,infra orbital,0.9297692179679871,
176,,,,maxillary,maxillary,0.9295117855072021,
176,,,,anterior superior alveolar,infra orbital,0.929408609867096,
176,,,,deep auricular,maxillary,0.9288450479507446,
177,Descending palatine artery,Maxillary artery,ILX:0743576,sphenopalatine,maxillary,0.9379448890686035,
177,,,,buccal,maxillary,0.9346752166748047,
177,,,,maxillary,maxillary,0.934622049331665,
177,,,,greater palatine,descending palatine,0.9317598342895508,
177,,,,descending palatine,sphenopalatine,0.9309437274932861,
178,Greater palatine artery,Descending palatine artery,UBERON:0006664,greater palatine,descending palatine,1.0,align
179,Posterior lateral nasal branches of sphenopalatine artery,Maxillary artery,ILX:0743273,sphenopalatine,maxillary,0.9533724784851074,
179,,,,posterior superior alveolar,maxillary,0.9367994070053101,
179,,,,posterior deep temporal,maxillary,0.929360032081604,
179,,,,maxillary,maxillary,0.914108395576477,
179,,,,pterygoid branch,maxillary,0.9099541306495667,
180,Posterior septal branches of sphenopalatine artery,Maxillary artery,ILX:0745725,sphenopalatine,maxillary,0.9576663970947266,
180,,,,posterior superior alveolar,maxillary,0.9476929903030396,
180,,,,posterior deep temporal,maxillary,0.93543541431427,
180,,,,inferior alveolar,maxillary,0.9115124940872192,
180,,,,maxillary,maxillary,0.9102379679679871,
181,Internal carotid artery,Right common carotid artery,UBERON:0001532,common carotida,internal carotid,0.9641153812408447,
181,,,,internal carotid,internal carotid,0.9589334726333618,
181,,,,internal carotid tentorial branch,internal carotid,0.9579917192459106,
181,,,,internal carotid,middle cerebral,0.9495425820350647,
181,,,,internal carotid nerve branch,internal carotid,0.9492846131324768,
182,Anterior cerebral artery,Internal carotid artery,UBERON:0014696,internal carotid,middle cerebral,0.9744908809661865,
182,,,,internal carotid,internal carotid,0.9614956378936768,
182,,,,anterior cerebral,anterior cerebral,0.9612147808074951,
182,,,,anterior cerebral,middle cerebral,0.9551808834075928,
182,,,,anterior cerebral,anterior communicating,0.9532263875007629,
183,Callosomarginal artery,Anterior cerebral artery,ILX:0746118,callosomarginal,anterior cerebral,1.0,align
184,Frontal branches of callosomarginal artery,Callosomarginal artery,nan,callosomarginal intermediomedial frontal branch,callosomarginal,0.9806198477745056,
184,,,,callosomarginal posteromedial frontal branch,callosomarginal,0.9696046710014343,
184,,,,callosomarginal cingular branch,callosomarginal,0.9453272223472595,
184,,,,callosomarginal,callosomarginal,0.9445281624794006,
184,,,,callosomarginal anteromedial frontal branch,callosomarginal intermediomedial frontal branch,0.9245349764823914,
185,Orbitofrontal branches of anterior cerebral artery,Anterior cerebral artery,nan,anterior cerebral,anterior communicating,0.9611811637878418,
185,,,,anterior communicating,anterior cerebral,0.9611811637878418,
185,,,,anterior cerebral,anterior cerebral,0.9604313373565674,
185,,,,anterior cerebral,middle cerebral,0.9415573477745056,
185,,,,medial frontobasal,anterior cerebral,0.9375795722007751,
186,Pericallosal artery,Anterior cerebral artery,ILX:0744360,pericallosal,anterior cerebral,1.0,align
187,Middle cerebral artery (M1-segment),Internal carotid artery,UBERON:0001627,internal carotid,middle cerebral,0.9716570973396301,
187,,,,internal carotid meningeal branch,internal carotid,0.948369026184082,
187,,,,internal carotid,internal carotid,0.9451536536216736,
187,,,,internal carotid tentorial branch,internal carotid,0.9437437653541565,
187,,,,internal carotid,ascending cervical anastomotic branch 1,0.939449667930603,
188,Distal lateral striate branches,Middle cerebral artery (M1-segment),FMA:50386,distal medial striate,anterior cerebral,0.9193406701087952,
188,,,,proximal medial striate 2,anterior cerebral,0.9021397829055786,
188,,,,lateral frontobasal,middle cerebral superior terminal branch,0.8929226398468018,
188,,,,lenticulostriate 1,middle cerebral,0.8786307573318481,
188,,,,proximal medial striate 1,anterior cerebral,0.8770678043365479,
189,Insular branches of middle cerebral artery,Middle cerebral artery,ILX:0745613,middle cerebral,middle cerebral,0.9613152742385864,
189,,,,middle cerebral,middle cerebral superior terminal branch,0.9544757008552551,
189,,,,anterior cerebral,middle cerebral,0.9493759870529175,
189,,,,internal carotid,middle cerebral,0.9462037086486816,
189,,,,middle cerebral branch to angular gyrus,middle cerebral inferior terminal branch,0.9296277761459351,
190,Anterior temporal branch,Insular branches of middle cerebral artery,nan,middle cerebral anterior temporal branch,middle cerebral inferior terminal branch,0.9393655061721802,
190,,,,anterior parietal,middle cerebral inferior terminal branch,0.9259698390960693,
190,,,,middle cerebral branch to angular gyrus,middle cerebral inferior terminal branch,0.9161727428436279,
190,,,,middle cerebral middle temporal branch,middle cerebral inferior terminal branch,0.9103431701660156,
190,,,,middle cerebral,middle cerebral superior terminal branch,0.9013333320617676,
191,Artery of precentral sulcus,Insular branches of middle cerebral artery,ILX:0745891,artery of central sulcus,artery of precentral sulcus,0.9326964616775513,
191,,,,artery of precentral sulcus,artery of precentral sulcus,0.92057865858078,
191,,,,artery of postcentral sulcus,middle cerebral inferior terminal branch,0.9195990562438965,
191,,,,prefrontal,middle cerebral superior terminal branch,0.9178038835525513,
191,,,,anterior parietal,middle cerebral inferior terminal branch,0.9076212644577026,
192,Middle cerebral artery (M3-segment),Insular branches of middle cerebral artery,nan,lenticulostriate 3,middle cerebral,0.9271702766418457,
192,,,,middle cerebral,middle cerebral superior terminal branch,0.9242369532585144,
192,,,,middle cerebral branch to angular gyrus,middle cerebral inferior terminal branch,0.9200563430786133,
192,,,,middle meningeal parietal branch,middle meningeal,0.9094328880310059,
192,,,,middle cerebral middle temporal branch,middle cerebral inferior terminal branch,0.9083582162857056,
193,Artery of central sulcus,Middle cerebral artery (M3-segment),ILX:0745823,lenticulostriate 3,middle cerebral,0.9220327734947205,
193,,,,artery of central sulcus,artery of precentral sulcus,0.9210934638977051,
193,,,,middle cerebral,middle cerebral superior terminal branch,0.920891284942627,
193,,,,anterior cerebral,middle cerebral,0.9094050526618958,
193,,,,middle cerebral,middle cerebral,0.9089113473892212,
194,Parietal branches of middle cerebral artery,Middle cerebral artery (M3-segment),nan,lenticulostriate 3,middle cerebral,0.9330679178237915,
194,,,,middle cerebral,middle cerebral superior terminal branch,0.9273651242256165,
194,,,,middle cerebral,middle cerebral,0.9210373163223267,
194,,,,middle meningeal parietal branch,middle meningeal,0.9205881357192993,
194,,,,middle cerebral branch to angular gyrus,middle cerebral inferior terminal branch,0.9084804058074951,
195,Postcentral arterial branch,Middle cerebral artery (M3-segment),nan,lenticulostriate 3,middle cerebral,0.9353072047233582,
195,,,,artery of postcentral sulcus,middle cerebral inferior terminal branch,0.9143640398979187,
195,,,,lenticulostriate 2,middle cerebral,0.90533047914505,
195,,,,middle cerebral,middle cerebral superior terminal branch,0.899622917175293,
195,,,,medial occipital dorsal branch to corpus callosum,pericallosal,0.8946942090988159,
196,Posterior parietal artery,Middle cerebral artery (M3-segment),UBERON:0035222,posterior parietal,middle cerebral branch to angular gyrus,0.955461323261261,
196,,,,lenticulostriate 3,middle cerebral,0.9236132502555847,
196,,,,middle cerebral posterior temporo occipital branch,middle cerebral posterior temporal branch,0.9063457250595093,
196,,,,anterior parietal,middle cerebral inferior terminal branch,0.9006808996200562,
196,,,,medial occipital,posterior cerebral postcommunicating part,0.9006369113922119,
197,Posterior temporal branch,Middle cerebral artery (M3-segment),ILX:0744994,middle cerebral posterior temporal branch,middle cerebral posterior temporal branch,0.9459341764450073,
197,,,,middle cerebral posterior temporo occipital branch,middle cerebral posterior temporal branch,0.9360705018043518,
197,,,,middle cerebral posterior temporal branch,middle cerebral inferior terminal branch,0.9244652986526489,
197,,,,posterior segmental medullary,ascending cervical anastomotic branch 3,0.9136978983879089,
197,,,,posterior parietal,middle cerebral branch to angular gyrus,0.9085451364517212,
198,Temporal branches of middle cerebral artery,Middle cerebral artery (M3-segment),nan,middle cerebral middle temporal branch,middle cerebral inferior terminal branch,0.926866888999939,
198,,,,middle cerebral,middle cerebral superior terminal branch,0.9223899245262146,
198,,,,lenticulostriate 3,middle cerebral,0.9170126914978027,
198,,,,middle cerebral branch to angular gyrus,middle cerebral inferior terminal branch,0.9139740467071533,
198,,,,middle cerebral anterior temporal branch,middle cerebral inferior terminal branch,0.9114938974380493,
199,Temporal occipital branch,Middle cerebral artery (M3-segment),nan,middle cerebral middle temporal branch,middle cerebral inferior terminal branch,0.9303704500198364,
199,,,,middle cerebral anterior temporal branch,middle cerebral inferior terminal branch,0.9231662750244141,
199,,,,middle cerebral branch to angular gyrus,middle cerebral inferior terminal branch,0.9226173162460327,
199,,,,middle cerebral posterior temporal branch,middle cerebral inferior terminal branch,0.9212279915809631,
199,,,,middle cerebral,middle cerebral superior terminal branch,0.9178738594055176,
200,Branch of angular gyrus,Temporal occipital branch,nan,occipital,posterior auricular occipital branch,0.9171682596206665,
200,,,,occipital,occipital descending branch,0.9169808030128479,
200,,,,occipital auricular branch,occipital,0.9149076342582703,
200,,,,anterior parietal,middle cerebral inferior terminal branch,0.9126114845275879,
200,,,,posterior parietal,middle cerebral branch to angular gyrus,0.9078497886657715,
201,Prefrontal artery,Insular branches of middle cerebral artery,ILX:0743920,prefrontal,middle cerebral superior terminal branch,0.9501377940177917,
201,,,,anterior parietal,middle cerebral inferior terminal branch,0.9225401878356934,
201,,,,medial frontobasal,anterior cerebral,0.9146605134010315,
201,,,,posterior parietal,middle cerebral branch to angular gyrus,0.9127253890037537,
201,,,,polar frontal,anterior cerebral,0.9116140604019165,
202,Lateral frontobasal artery,Prefrontal artery,ILX:0743336,prefrontal,middle cerebral superior terminal branch,0.9129870533943176,
202,,,,lateral frontobasal,middle cerebral superior terminal branch,0.9018251895904541,
202,,,,medial frontobasal,anterior cerebral,0.8950463533401489,
202,,,,lateral occipital posterior tempotal branch,occipital lateral,0.8787206411361694,
202,,,,posterior parietal,middle cerebral branch to angular gyrus,0.8781828880310059,
203,Proximal lateral striate branches,Middle cerebral artery,ILX:0746803,distal medial striate,anterior cerebral,0.9450874328613281,
203,,,,proximal medial striate 2,anterior cerebral,0.9320166707038879,
203,,,,proximal medial striate 3,anterior cerebral,0.928030788898468,
203,,,,middle cerebral,middle cerebral superior terminal branch,0.9256073236465454,
203,,,,lenticulostriate 3,middle cerebral,0.916225790977478,
204,Ophthalmic artery,Internal carotid artery,UBERON:0001619,ophthalmic,internal carotid,1.000000238418579,align
205,Anterior ethmoidal artery,Ophthalmic artery,UBERON:0012318,anterior ethmoidal,ophthalmic,1.0,align
206,Anterior septal branches of anterior ethmoidal artery,Anterior ethmoidal artery,ILX:0745330,anterior ethmoidal anterior septal branch,anterior ethmoidal,1.0000001192092896,align
207,Central retinal artery,Ophthalmic artery,UBERON:0001620,central retinal,ophthalmic,1.0,align
208,Lacrimal artery,Ophthalmic artery,UBERON:0001622,lacrimal,ophthalmic,0.9999998807907104,align
209,Long posterior ciliary arteries,Ophthalmic artery,ILX:0742402,long posterior ciliary one,ophthalmic,0.9852418899536133,
209,,,,posterior ethmoidal,ophthalmic,0.9303353428840637,
209,,,,supraorbital,ophthalmic,0.9131847620010376,
209,,,,ophthalmic,ophthalmic,0.9106879234313965,
209,,,,central retinal,ophthalmic,0.9099398851394653,
210,Posterior ethmoidal artery,Ophthalmic artery,UBERON:0012319,posterior ethmoidal,ophthalmic,1.0,align
211,Septal branches of posterior ethmoidal artery,Posterior ethmoidal artery,nan,posterior ethmoidal,ophthalmic,0.9039953947067261,
211,,,,posterior auricular occipital branch,posterior auricular,0.8900349140167236,
211,,,,posterior auricular parotid branch,posterior auricular,0.8847342729568481,
211,,,,posterior auricular,posterior tympanic,0.8770334720611572,
211,,,,posterior auricular,posterior auricular,0.875564694404602,
212,Short posterior ciliary arteries,Ophthalmic artery,ILX:0745836,short posterior ciliary two,ophthalmic,1.0,align
213,Supra-orbital artery,Ophthalmic artery,UBERON:0015160,supraorbital,ophthalmic,1.0,align
214,Supratrochlear artery,Ophthalmic artery,ILX:0746692,supratrochlear,ophthalmic,1.0,align
215,Muscular branches of ophthalmic artery,Ophthalmic artery,FMA:49961,ophthalmic muscular branch,ophthalmic,0.9888918399810791,
215,,,,ophthalmic,ophthalmic,0.9544236660003662,
215,,,,lacrimal,ophthalmic,0.9329580664634705,
215,,,,supraorbital,ophthalmic,0.9327728748321533,
215,,,,supratrochlear,ophthalmic,0.9199122786521912,
216,Left common carotid artery,aortic arch,UBERON:0001536,left coronary,aortic arch,0.9603687524795532,
216,,,,aortic arch,common carotida,0.948097288608551,
216,,,,subclavian,aortic arch,0.9303600788116455,
216,,,,aortic arch,brachiocephalic trunk,0.9288117289543152,
216,,,,aortic arch,aortic arch,0.9259740710258484,
217,Anterior communicating artery,NA,UBERON:0006764,anterior communicating,anterior cerebral,0.9999998807907104,align
218,Posterior communicating artery,NA,UBERON:0001628,posterior communicating,internal carotid,1.0,align
219,Anterior spinal artery,vertebral artery,UBERON:0005431,anterior spinal anastomotic branch,vertebral,0.9718188643455505,
219,,,,vertebral,anterior spinal anastomotic branch,0.9718188643455505,
219,,,,anterior segmental medullary,vertebral,0.9634673595428467,
219,,,,intramedullary c 11,anterior spinal,0.9597126841545105,
219,,,,posterior spinal,vertebral,0.959703803062439,
220,Pulmonary trunk,NA,UBERON:0002333,perforator,transverse facial artery,0.8151566386222839,
220,,,,thoracoacromial,axillary,0.8037331104278564,
220,,,,splenic branch,splenic,0.8024709224700928,
220,,,,musculophrenic,internal thoracic,0.7897822260856628,
220,,,,thoracodorsal,subscapular,0.7883015275001526,
221,Bifurcation of pulmonary trunk,Pulmonary trunk,ILX:0742047,perforator,thoracodorsal,0.8658440113067627,
221,,,,perforator,thoracoacromial acromial branch,0.864751935005188,
221,,,,perforator,posterior auricular,0.8578019142150879,
221,,,,perforator,internal thoracic,0.8550398349761963,
221,,,,perforator,renal posterior branch,0.8542182445526123,
222,Right pulmonary artery,Bifurcation of pulmonary trunk,UBERON:0001651,right coronary posterior interventricular branch,right coronary,0.8896077871322632,
222,,,,right coronary atrial branch,right coronary,0.8731398582458496,
222,,,,right coronary atrioventricular branch,right coronary,0.8686496019363403,
222,,,,right coronary intermediate atrial branch,right coronary,0.8685779571533203,
222,,,,right coronary conus branch,right coronary,0.8633297681808472,
223,Superior lobar artery of right lung,Right pulmonary artery,ILX:0746742,right coronary right marginal branch,right coronary,0.8999817371368408,
223,,,,right coronary posterior interventricular branch,right coronary,0.897857666015625,
223,,,,right coronary atrial branch,right coronary,0.8942950963973999,
223,,,,right coronary,right coronary,0.8918110728263855,
223,,,,right coronary intermediate atrial branch,right coronary,0.8904109597206116,
224,Apical segmental artery of right lung,Superior lobar artery of right lung,FMA:8617,right coronary right marginal branch,right coronary,0.8924292325973511,
224,,,,right coronary right posterolateral branch,right coronary atrioventricular branch,0.8745827078819275,
224,,,,right coronary intermediate atrial branch,right coronary,0.8718163967132568,
224,,,,right coronary posterior interventricular branch,right coronary,0.8712339997291565,
224,,,,anterior segmental artery,hepatic artery proper right branch,0.8706625699996948,
225,Anterior segmental artery of right lung,Superior lobar artery of right lung,FMA:8620,right coronary right marginal branch,right coronary,0.8942673206329346,
225,,,,anterior segmental artery,hepatic artery proper right branch,0.8846487402915955,
225,,,,right coronary intermediate atrial branch,right coronary,0.8800019025802612,
225,,,,right coronary atrial branch,right coronary,0.8755214214324951,
225,,,,right coronary posterior interventricular branch,right coronary,0.8718236684799194,
226,Posterior segmental artery of right lung,Superior lobar artery of right lung,FMA:8619,right coronary posterior interventricular branch,right coronary,0.8846591114997864,
226,,,,right coronary right marginal branch,right coronary,0.874388575553894,
226,,,,posterior segmental artery,hepatic artery proper right branch,0.873449981212616,
226,,,,right coronary interventricular septal branch 1,right coronary posterior interventricular branch,0.8653644323348999,
226,,,,right coronary right posterolateral branch,right coronary atrioventricular branch,0.8614989519119263,
227,Middle lobar artery of right lung,Right pulmonary artery,ILX:0745810,right coronary right marginal branch,right coronary,0.8991333246231079,
227,,,,right coronary posterior interventricular branch,right coronary,0.8939729928970337,
227,,,,right coronary atrial branch,right coronary,0.8883612155914307,
227,,,,right coronary,right coronary,0.8878743648529053,
227,,,,right coronary intermediate atrial branch,right coronary,0.8843510150909424,
228,Medial segmental artery of right lung,Middle lobar artery of right lung,ILX:0745176,right coronary right marginal branch,right coronary,0.8826606273651123,
228,,,,right coronary intermediate atrial branch,right coronary,0.8549474477767944,
228,,,,right coronary posterior interventricular branch,right coronary,0.8543614745140076,
228,,,,right coronary atrial branch,right coronary,0.8508387207984924,
228,,,,right coronary right posterolateral branch,right coronary atrioventricular branch,0.8505944013595581,
229,Lateral segmental artery of right lung,Middle lobar artery of right lung,ILX:0748722,right coronary right marginal branch,right coronary,0.8669400811195374,
229,,,,right coronary posterior interventricular branch,right coronary,0.845533013343811,
229,,,,right coronary intermediate atrial branch,right coronary,0.8404061794281006,
229,,,,hepatic artery proper right branch,hepatic artery proper right branch,0.8379573822021484,
229,,,,right coronary right posterolateral branch,right coronary atrioventricular branch,0.8374322056770325,
230,Inferior lobar artery of right lung,Right pulmonary artery,ILX:0748221,right coronary posterior interventricular branch,right coronary,0.885256826877594,
230,,,,right coronary,right coronary,0.8709737658500671,
230,,,,right coronary right marginal branch,right coronary,0.8694649934768677,
230,,,,right coronary atrial branch,right coronary,0.8688856959342957,
230,,,,right coronary intermediate atrial branch,right coronary,0.8678595423698425,
231,Superior segmental artery of right lung,Inferior lobar artery of right lung,ILX:0747971,right coronary right marginal branch,right coronary,0.8595762252807617,
231,,,,right coronary posterior interventricular branch,right coronary,0.8588725328445435,
231,,,,anterior segmental artery,hepatic artery proper right branch,0.8578366041183472,
231,,,,right coronary intermediate atrial branch,right coronary,0.8513275980949402,
231,,,,posterior segmental artery,hepatic artery proper right branch,0.8495295643806458,
232,Anterior basal segmental artery of right lung,Inferior lobar artery of right lung,FMA:8630,right coronary right marginal branch,right coronary,0.8595387935638428,
232,,,,anterior segmental artery,hepatic artery proper right branch,0.8574373722076416,
232,,,,right coronary posterior interventricular branch,right coronary,0.8501845598220825,
232,,,,right coronary intermediate atrial branch,right coronary,0.8471858501434326,
232,,,,right coronary interventricular septal branch 1,right coronary posterior interventricular branch,0.8448911309242249,
233,Lateral basal segmental artery of right lung,Inferior lobar artery of right lung,FMA:8631,posterior segmental artery,hepatic artery proper right branch,0.8314306139945984,
233,,,,right coronary right marginal branch,right coronary,0.8283748030662537,
233,,,,right coronary posterior interventricular branch,right coronary,0.8237130641937256,
233,,,,right coronary interventricular septal branch 1,right coronary posterior interventricular branch,0.8225216865539551,
233,,,,hepatic artery proper right branch,hepatic artery proper right branch,0.8222885131835938,
234,Medial basal segmental artery of right lung,Inferior lobar artery of right lung,FMA:8628,right coronary right marginal branch,right coronary,0.8523687720298767,
234,,,,right coronary posterior interventricular branch,right coronary,0.8405047059059143,
234,,,,right coronary interventricular septal branch 1,right coronary posterior interventricular branch,0.8400447368621826,
234,,,,hepatic artery proper right branch,hepatic artery proper right branch,0.8352594971656799,
234,,,,right coronary right posterolateral branch,right coronary atrioventricular branch,0.8322505950927734,
235,Posterior basal segmental artery of right lung,Inferior lobar artery of right lung,FMA:8632,posterior segmental artery,hepatic artery proper right branch,0.8595479130744934,
235,,,,right coronary posterior interventricular branch,right coronary,0.855141818523407,
235,,,,right coronary interventricular septal branch 1,right coronary posterior interventricular branch,0.8515630960464478,
235,,,,right coronary posterior interventricular branch,right coronary posterior interventricular branch,0.8447520136833191,
235,,,,right coronary right marginal branch,right coronary,0.8305819630622864,
236,Left pulmonary artery,Bifurcation of pulmonary trunk,UBERON:0001652,perforator,left gastric,0.8600161075592041,
236,,,,splenic branch,left gastro omental,0.8545591235160828,
236,,,,perforator,interlobar 2,0.8473505973815918,
236,,,,perforator,renal posterior branch,0.8471674919128418,
236,,,,perforator,posterior segmental branch 2,0.8424292802810669,
237,Superior lobar artery of left lung,Left pulmonary artery,nan,lateral segmental artery,hepatic artery proper left branch,0.8698617219924927,
237,,,,left colic ascending branch,left colic,0.868471086025238,
237,,,,left colic descending branch,left colic,0.8660804033279419,
237,,,,left coronary anterior interventricular branch,left coronary,0.8549157381057739,
237,,,,medial segmental artery,hepatic artery proper left branch,0.8465672135353088,
238,Apical segmental artery of left lung,Superior lobar artery of left lung,ILX:0748629,lateral segmental artery,hepatic artery proper left branch,0.8867784738540649,
238,,,,hepatic artery proper left branch,hepatic artery proper left branch,0.8545238971710205,
238,,,,left colic ascending branch,left colic,0.8440219163894653,
238,,,,medial segmental artery,hepatic artery proper left branch,0.8422712087631226,
238,,,,left coronary anterior interventricular lateral branch,left coronary anterior interventricular branch,0.8413504362106323,
239,Anterior segmental artery of left lung,Superior lobar artery of left lung,FMA:13279,lateral segmental artery,hepatic artery proper left branch,0.8767974376678467,
239,,,,left coronary anterior interventricular lateral branch,left coronary anterior interventricular branch,0.8487904071807861,
239,,,,left colic ascending branch,left colic,0.8477063179016113,
239,,,,hepatic artery proper left branch,hepatic artery proper left branch,0.8460235595703125,
239,,,,medial segmental artery,hepatic artery proper left branch,0.8446328639984131,
240,Posterior segmental artery of left lung,Superior lobar artery of left lung,FMA:8635,lateral segmental artery,hepatic artery proper left branch,0.8771393299102783,
240,,,,hepatic artery proper left branch,hepatic artery proper left branch,0.8504429459571838,
240,,,,left colic descending branch,left colic,0.8364311456680298,
240,,,,left coronary posterior left ventricular branch,left coronary atrioventricular branch,0.8361020088195801,
240,,,,artery of caudate lobe,hepatic artery proper left branch,0.8355998396873474,
241,Inferior lingular artery of left lung,Superior lobar artery of left lung,ILX:0744343,lateral segmental artery,hepatic artery proper left branch,0.8551127910614014,
241,,,,hepatic artery proper left branch,hepatic artery proper left branch,0.8409652709960938,
241,,,,left colic descending branch,left colic,0.8225837349891663,
241,,,,left coronary anterior interventricular lateral branch,left coronary anterior interventricular branch,0.8222340941429138,
241,,,,artery of caudate lobe,hepatic artery proper left branch,0.8196123242378235,
242,Superior lingular artery of left lung,Superior lobar artery of left lung,ILX:0743458,lateral segmental artery,hepatic artery proper left branch,0.8346945643424988,
242,,,,artery of caudate lobe,hepatic artery proper left branch,0.8140354156494141,
242,,,,hepatic artery proper left branch,hepatic artery proper left branch,0.812987744808197,
242,,,,medial segmental artery,hepatic artery proper left branch,0.7997068166732788,
242,,,,left coronary anterior interventricular lateral branch,left coronary anterior interventricular branch,0.7988165020942688,
243,Inferior lobar artery of left lung,Left pulmonary artery,ILX:0742642,left colic descending branch,left colic,0.8724468946456909,
243,,,,left colic ascending branch,left colic,0.8622418642044067,
243,,,,left coronary anterior interventricular branch,left coronary,0.8599853515625,
243,,,,left gastric,left gastric,0.8571372032165527,
243,,,,left coronary left marginal,left coronary circumflex branch,0.8561182022094727,
244,Superior segmental artery of left lung,Inferior lobar artery of left lung,ILX:0742452,lateral segmental artery,hepatic artery proper left branch,0.8751621842384338,
244,,,,hepatic artery proper left branch,hepatic artery proper left branch,0.8555326461791992,
244,,,,left colic descending branch,left colic,0.8433302640914917,
244,,,,left colic ascending branch,left colic,0.8408842086791992,
244,,,,left coronary anterior interventricular lateral branch,left coronary anterior interventricular branch,0.8377354145050049,
245,Anterior basal segmental artery of left lung,Inferior lobar artery of left lung,FMA:8645,lateral segmental artery,hepatic artery proper left branch,0.8667226433753967,
245,,,,left coronary anterior interventricular lateral branch,left coronary anterior interventricular branch,0.8525668382644653,
245,,,,hepatic artery proper left branch,hepatic artery proper left branch,0.851081132888794,
245,,,,left coronary left marginal,left coronary circumflex branch,0.8421059846878052,
245,,,,left colic descending branch,left colic,0.8410007953643799,
246,Lateral basal segmental artery of left lung,Inferior lobar artery of left lung,FMA:8646,lateral segmental artery,hepatic artery proper left branch,0.8838958144187927,
246,,,,hepatic artery proper left branch,hepatic artery proper left branch,0.8546510934829712,
246,,,,left coronary left marginal,left coronary circumflex branch,0.8386877775192261,
246,,,,left colic descending branch,left colic,0.8321630358695984,
246,,,,left coronary anterior interventricular lateral branch,left coronary anterior interventricular branch,0.8293038606643677,
247,Madial basal segmental artery of left lung,Inferior lobar artery of left lung,FMA:8644,lateral segmental artery,hepatic artery proper left branch,0.8573037385940552,
247,,,,hepatic artery proper left branch,hepatic artery proper left branch,0.8426392674446106,
247,,,,left coronary left marginal,left coronary circumflex branch,0.8386189937591553,
247,,,,left colic descending branch,left colic,0.8328461050987244,
247,,,,left coronary anterior interventricular lateral branch,left coronary anterior interventricular branch,0.8277207612991333,
248,Posterior basal segmental artery of left lung,Inferior lobar artery of left lung,FMA:8647,lateral segmental artery,hepatic artery proper left branch,0.8582437634468079,
248,,,,hepatic artery proper left branch,hepatic artery proper left branch,0.8455712199211121,
248,,,,left coronary posterior left ventricular branch,left coronary atrioventricular branch,0.8402602076530457,
248,,,,left coronary left marginal,left coronary circumflex branch,0.8354619741439819,
248,,,,left colic descending branch,left colic,0.8308637142181396,
249,Right coronary artery,Ascending aorta,UBERON:0001625,right coronary,aortic arch,0.97415691614151,
249,,,,right coronary,right coronary,0.9480619430541992,
249,,,,right coronary atrial branch,right coronary,0.9389112591743469,
249,,,,right coronary conus branch,right coronary,0.9349613189697266,
249,,,,right coronary intermediate atrial branch,right coronary,0.9349396228790283,
250,Right inferolateral branch of right coronary artery,Right coronary artery,nan,right coronary right marginal branch,right coronary,0.9772676229476929,
250,,,,right coronary intermediate atrial branch,right coronary,0.9771543741226196,
250,,,,right coronary,right coronary,0.9749511480331421,
250,,,,right coronary conus branch,right coronary,0.9746593236923218,
250,,,,right coronary atrial branch,right coronary,0.9737346768379211,
251,Left coronary artery,NA,UBERON:0001626,left coronary,aortic arch,1.0,align
252,Anterior interventricular artery,Left coronary artery,ILX:0743606,left coronary anterior interventricular branch,left coronary,0.9501793384552002,
252,,,,left coronary,aortic arch,0.9314213991165161,
252,,,,left coronary anterior interventricular branch,left coronary anterior interventricular branch,0.9217703342437744,
252,,,,left coronary conus branch,left coronary anterior interventricular branch,0.9123473167419434,
252,,,,left coronary circumflex branch,left coronary,0.907218873500824,
253,Septal branches of anterior interventricular artery,Anterior interventricular artery,ILX:0774036,anterior spinal,anterior segmental medullary,0.8662409782409668,
253,,,,anterior inferior segmental,anterior inferior segmental,0.8628440499305725,
253,,,,anterior spinal,anterior segmental medullar,0.8627495765686035,
253,,,,anterior intercostal branch,internal thoracic,0.8625367879867554,
253,,,,anterior inferior cerebellar,basilar,0.8623430728912354,
254,Circumflex artery of heart,Left coronary artery,nan,left coronary circumflex branch,left coronary,0.9562966823577881,
254,,,,left coronary anterior interventricular branch,left coronary,0.9385480880737305,
254,,,,left coronary circumflex branch,left coronary circumflex branch,0.9286079406738281,
254,,,,left coronary atrioventricular branch,left coronary circumflex branch,0.9246256351470947,
254,,,,left coronary,aortic arch,0.9197235107421875,
